Year,Desalination Stations Capacity,Wells Capacity,Total Capacity
2008,100650,11712,112362
2009,120450,11680,132130
2010,120450,11680,132130
2011,146000,11680,157680
2012,172020,11712,183732
2013,171550,11680,183230
2014,171550,11680,183230
2015,171550,11680,183230
2016,172020,11712,183732
2017,171550,11680,183230
2018,171550,11680,183230
2019,171550,11680,183230
2020,172020,11712,183732
2021,178850,13140,191990
2022,178850,13140,191990
2023,180675,13140,193815
2024,181170,13176,194346
